platform,buyer_request,description_preview,contract_link,rank_score,rank_label
Kaggle,Dataset needLakshmi narayanan aiml·Lastcomment3y agoby Lakshmi narayanan aiml,,https://www.kaggle.com/discussions/general/454120,1,High Value (Free)
Kaggle,Need cellular manufacturing datasetBhimashankar Dukare·Posted8y ago,,https://www.kaggle.com/discussions/general/57121,1,High Value (Free)
Kaggle,Need a very basic dataset for practicing simple linear regression model!Chiranjeev Marwaha·Lastcomment3y agoby Chiranjeev Marwaha,,https://www.kaggle.com/discussions/general/415642,1,High Value (Free)
Kaggle,Need a DatasetMuhammad Farhan·Posted5y ago,,https://www.kaggle.com/discussions/general/230041,1,High Value (Free)
Kaggle,Need Datasets For Student Dropout Predictionadatta·Lastcomment4y agoby bererei,,https://www.kaggle.com/discussions/general/74987,1,High Value (Free)
Kaggle,Need DatasetLakshay Jain·Lastcomment2y agoby Vinay Khanduri,,https://www.kaggle.com/discussions/general/466605,1,High Value (Free)
Kaggle,Need Dataset for identifying Pakistan vehicle number using number platesUsman Afzal·Lastcomment5y agoby Usman Afzal,,https://www.kaggle.com/discussions/general/121470,1,High Value (Free)
Kaggle,Need Dataset for identifying Indian vehicle number using number platesThamizhSelvan·Lastcomment5y agoby Gayatri Hajare,,https://www.kaggle.com/discussions/general/64840,1,High Value (Free)
Kaggle,Need Dataset for Vehicle tracking/detectionLalitha Rajesh·Lastcomment10mo agoby RAGHAV DHARWAL,,https://www.kaggle.com/discussions/general/51220,1,High Value (Free)
Kaggle,Need Dataset for Creating Business planRajkumar Fr·Lastcomment3y agoby Erez Lankri,,https://www.kaggle.com/discussions/general/374528,1,High Value (Free)
Kaggle,Need Back Order Prediction DatasetAnshulBhandari·Lastcomment6y agoby shubham,,https://www.kaggle.com/discussions/general/56389,1,High Value (Free)
Kaggle,List of Datasets you need to practice data science skills and make your portfolio strongYash Patel·Lastcomment5mo agoby Pavel Azangue,,https://www.kaggle.com/discussions/general/268890,1,High Value (Free)
Kaggle,I need dataset of wireless capsule endoscopy imagesvrushali_ss·Lastcomment5y agoby Debesh Jha,,https://www.kaggle.com/discussions/general/89356,1,High Value (Free)
Kaggle,I need a datasetNihal Hossny·Lastcomment7y agoby People Data Labs,,https://www.kaggle.com/discussions/general/87628,1,High Value (Free)
Kaggle,I need a dataset for predictive or preventive maintenance.MohammadAli·Lastcomment5y agoby murali yellapu,,https://www.kaggle.com/discussions/general/99209,1,High Value (Free)
Kaggle,"I Became a Dataset Expert !! 🎉📊 , Need advice to become Dataset Master.Laksika Tharmalingam·Lastcomment3y agoby Muhammad Bilal Hussain",,https://www.kaggle.com/discussions/general/416114,1,High Value (Free)
Kaggle,Need help structuring a Kaggle datasetTony Robinson·Lastcomment2y agoby vangap,,https://www.kaggle.com/discussions/general/200885,1,High Value (Free)
Reddit (General),How do you scale the scrapers?,"I was able to scrape websites that use Akamai using Selenium + Undetected Chromedriver. But, of cour",https://www.reddit.com/r/webscraping/comments/1to7daq/how_do_you_scale_the_scrapers/,1,High Value (Free)
Reddit (General),I Got Laid Off. Should I Build a Job Web Scraper?,I’ll preface this by saying that I haven’t built a web scraper before. Please feel free to warn me t,https://www.reddit.com/r/webscraping/comments/1sx9wps/i_got_laid_off_should_i_build_a_job_web_scraper/,1,High Value (Free)
Reddit (General),"Weekly Webscrapers - Hiring, FAQs, etc",**Welcome to the weekly discussion thread!**  This is a space for web scrapers of all skill levels—w,https://www.reddit.com/r/webscraping/comments/1tb0xrq/weekly_webscrapers_hiring_faqs_etc/,1,High Value (Free)
Reddit (General),"Weekly Webscrapers - Hiring, FAQs, etc",**Welcome to the weekly discussion thread!**  This is a space for web scrapers of all skill levels—w,https://www.reddit.com/r/webscraping/comments/1to68q7/weekly_webscrapers_hiring_faqs_etc/,1,High Value (Free)
Reddit (General),Tiny CLI tool to scope website protections before building scrapers,"Hello,  While building scrapers for [job ops](https://github.com/dakheera47/job-ops/), I realised th",https://www.reddit.com/r/webscraping/comments/1t2jxru/tiny_cli_tool_to_scope_website_protections_before/,1,High Value (Free)
Reddit (General),Product data scraping advice,I’m working on an early e-commerce/product data project and trying to better understand how to extra,https://www.reddit.com/r/webscraping/comments/1tcxkvo/product_data_scraping_advice/,1,High Value (Free)
Reddit (General),Need Scrapped Data for FYP,Hey!   I hope you are all doing well. Actually i am working on my final year project where i need a ,https://www.reddit.com/r/webscraping/comments/1sz12q4/need_scrapped_data_for_fyp/,1,High Value (Free)
Reddit (ForHire),[Hiring] Remote Growth Hacker &amp; Web Ops Engineer (No-Code/Low-Code + Python Scrapers + Prompt Automation) | 30k-35k INR Base + High Performance Payouts,"We are **Stuva Ventures**, an agile, multi-vertical venture studio building modern growth engines ou",https://www.reddit.com/r/forhire/comments/1tp3p6p/hiring_remote_growth_hacker_web_ops_engineer/,1,High Value (Free)
Reddit (General),Flight APIs vs scraping — what actually works in real projects?,"Working on a system that collects and normalizes flight pricing data at scale, and running into real",https://www.reddit.com/r/webscraping/comments/1szuosd/flight_apis_vs_scraping_what_actually_works_in/,1,High Value (Free)
Reddit (General),Cloudflare detection bypass,I'm trying to bypass Cloudflare Bot Protection when scraping sites via Python   Tried methods such a,https://www.reddit.com/r/webscraping/comments/1t6g5b4/cloudflare_detection_bypass/,1,High Value (Free)
Reddit (General),Anyone found a solid api for scraping google maps data at scale?,Been working on a local business directory project and maps data is basically the holy grail but als,https://www.reddit.com/r/webscraping/comments/1t8oukg/anyone_found_a_solid_api_for_scraping_google_maps/,1,High Value (Free)
Reddit (Active),How do you scale the scrapers?,,https://www.reddit.com/r/webscraping/comments/1to7daq/how_do_you_scale_the_scrapers/,1,High Value (Free)
Kaggle,need dataset on simple linear regressionMaha·Lastcomment7y agoby Maha,,https://www.kaggle.com/discussions/general/88125,1,High Value (Free)
Kaggle,in need of dataset for school projectlamin jawneh·Lastcomment7y agoby Tensor Girl,,https://www.kaggle.com/discussions/general/112573,1,High Value (Free)
Kaggle,Need sample SQL datasetSanthosh Ashokkumar·Lastcomment1y agoby anik _ML,,https://www.kaggle.com/discussions/general/37755,1,High Value (Free)
Reddit (General),"Weekly Webscrapers - Hiring, FAQs, etc",**Welcome to the weekly discussion thread!**  This is a space for web scrapers of all skill levels—w,https://www.reddit.com/r/webscraping/comments/1t4es34/weekly_webscrapers_hiring_faqs_etc/,1,High Value (Free)
Reddit (General),"Weekly Webscrapers - Hiring, FAQs, etc",**Welcome to the weekly discussion thread!**  This is a space for web scrapers of all skill levels—w,https://www.reddit.com/r/webscraping/comments/1thm9xl/weekly_webscrapers_hiring_faqs_etc/,1,High Value (Free)
Reddit (General),Hiring a Web-Scraper,"Hey guys,  Looking to hire someone who is a pro at dealing with anti-bot systems, specifically Akama",https://www.reddit.com/r/webscraping/comments/1tg3a8y/hiring_a_webscraper/,1,High Value (Free)
Reddit (General),"Weekly Webscrapers - Hiring, FAQs, etc",**Welcome to the weekly discussion thread!**  This is a space for web scrapers of all skill levels—w,https://www.reddit.com/r/webscraping/comments/1sy0r80/weekly_webscrapers_hiring_faqs_etc/,1,High Value (Free)
Reddit (General),[Hiring – $1000 budget] Mobile app scraper needed for Keeta |,Looking for someone with mobile app scraping experience to extract structured data from Keeta (https,https://www.reddit.com/r/webscraping/comments/1sxdi8e/hiring_1000_budget_mobile_app_scraper_needed_for/,1,High Value (Free)
Reddit (ForHire),"[HIRING] $200/hr — NYC Architect paid consulting, remote",Independent founder building an early-stage NYC real estate / built environment tool focused on exis,https://www.reddit.com/r/forhire/comments/1tomzif/hiring_200hr_nyc_architect_paid_consulting_remote/,4,General (Free)
Reddit (Active),"I built klura, a toolkit for an AI agent to reverse-engineer websites",,https://www.reddit.com/r/webscraping/comments/1tibgp5/i_built_klura_a_toolkit_for_an_ai_agent_to/,4,General (Free)
Reddit (ForHire),"[Hiring] Part-Time Event-Based Work. $200 for 3 hour events in person, dozens of cities in the US",We are looking for part-time gig workers in most cities across the US (plus Toronto) to operate our ,https://www.reddit.com/r/forhire/comments/1tn7mdn/hiring_parttime_eventbased_work_200_for_3_hour/,4,General (Free)
Reddit (General),ESPN being difficult,Is anybody else having trouble with ESPN all of a sudden today?   I am getting lots of http 202 resp,https://www.reddit.com/r/webscraping/comments/1t7xlvu/espn_being_difficult/,4,General (Free)
Reddit (ForHire),"[HIRING] Landing page for a startup building products for neurodivergent people (multilingual, dark/light mode, accessible, SEO + GEO) Budget up to €1,000","Hi 👋  I'm with MindyCore, a company that builds products for neurodivergent people. We have two line",https://www.reddit.com/r/forhire/comments/1tor0zh/hiring_landing_page_for_a_startup_building/,4,General (Free)
Reddit (General),Monitor specific value ona webpage and get notified.,How do you currently monitor a specific value on a webpage and get notified when it changes?  I have,https://www.reddit.com/r/webscraping/comments/1tatl39/monitor_specific_value_ona_webpage_and_get/,4,General (Free)
Reddit (General),How to bypass AWS captcha?,"I tried some paid APIs to solve but not working,   https://preview.redd.it/kzo9atpjzy0h1.png?width=3",https://www.reddit.com/r/webscraping/comments/1tccxje/how_to_bypass_aws_captcha/,4,General (Free)
Reddit (General),Has anyone tried scraping Keeta?,I was wonder what other people (who reached out to [OP](https://www.reddit.com/user/dedazzy/) for th,https://www.reddit.com/r/webscraping/comments/1t4b77l/has_anyone_tried_scraping_keeta/,4,General (Free)
Reddit (General),"I built klura, a toolkit for an AI agent to reverse-engineer websites","Hi r/webscraping,  I've been working on [**klura**](https://github.com/klura-ai/klura) — a free tool",https://www.reddit.com/r/webscraping/comments/1tibgp5/i_built_klura_a_toolkit_for_an_ai_agent_to/,4,General (Free)
Reddit (ForHire),"[HIRING] $200/hr — NYC Real Estate Acquisitions paid consulting, remote",Independent founder building an early-stage NYC real estate intelligence tool. Hiring paid consultan,https://www.reddit.com/r/forhire/comments/1ton2zl/hiring_200hr_nyc_real_estate_acquisitions_paid/,4,General (Free)
Reddit (ForHire),[hiring] Remote Research Writers - Geopolitics / International Relations,"I’m hiring research writers and analysts for paid, remote, project-based work focused on Asia-Pacifi",https://www.reddit.com/r/forhire/comments/1tnwr5d/hiring_remote_research_writers_geopolitics/,4,General (Free)
Reddit (General),Newbie questions when starting a new scraping project,I'm a web developer and just recently i got interested in web scraping. Here are some questions I ha,https://www.reddit.com/r/webscraping/comments/1tmffgb/newbie_questions_when_starting_a_new_scraping/,4,General (Free)
Reddit (General),What are the Vercel limits ?,"Hi, I'm sending 3 request per 2 minutes .. and still I'm blocked after couple hours.   What are the ",https://www.reddit.com/r/webscraping/comments/1t8nc5e/what_are_the_vercel_limits/,4,General (Free)
Reddit (Slavelabour),[Task] Digital &amp; Social Media Strategist,,https://www.reddit.com/r/slavelabour/comments/1tmprce/task_digital_social_media_strategist/,4,General (Free)
Reddit (General),scraping blocked by incapsula help... anyone figured out!,hey everyone!    so ive been building a price monitoring tool for e-commerce brands (small side proj,https://www.reddit.com/r/webscraping/comments/1t26196/scraping_blocked_by_incapsula_help_anyone_figured/,4,General (Free)
Reddit (General),cannot bypass cloudflare in baseball-reference,"Neither requests nor playwright bypass cloudflare. I have used user-agents, stealth and permanent-co",https://www.reddit.com/r/webscraping/comments/1taiatx/cannot_bypass_cloudflare_in_baseballreference/,4,General (Free)
Reddit (ForHire),"[HIRING] $200/hr — NYC Real Estate Asset / Property Managers paid consulting, remote",Independent founder building an early-stage NYC real estate intelligence tool. Hiring paid consultan,https://www.reddit.com/r/forhire/comments/1tomwxe/hiring_200hr_nyc_real_estate_asset_property/,4,General (Free)
Reddit (General),How to bypass YouTube's firewall blocking my Supabase IP.,I’m building a browser-side video clipper (using ffmpeg.wasm) and running into a wall.  The goal is ,https://www.reddit.com/r/webscraping/comments/1t0pvbw/how_to_bypass_youtubes_firewall_blocking_my/,4,General (Free)
Thumbtack,"No details (Sequim, WA 98382)",No details,https://www.thumbtack.com/request/580709429972090884?service_id=579066971112030210&syndicated_category=136169012491772391,5,Regional (WA State)
Thumbtack,"Countertop Repair Professional (Olympia, WA 98512)","Countertop Repair Professional, Other, Cut 2 inches out of the granite countertop to accommodate a new slide in range, Granite, Light - not very noticeable to slight cosmetic damage, Kitchen, Residential",https://www.thumbtack.com/request/580683299094716416?service_id=579066971112030210&syndicated_category=195347818552893937,5,Regional (WA State)
Thumbtack,"Countertop Repair Professional (Bonney Lake, WA 98391)","Countertop Repair Professional, Other, Undermount sink came out.  Need installed and then plumbing hooked back up, Quartz, Light - not very noticeable to slight cosmetic damage, Kitchen, Residential",https://www.thumbtack.com/request/580693341423271939?service_id=579066971112030210&syndicated_category=195347818552893937,5,Regional (WA State)
Thumbtack,"No details (Oakville, WA 98568)",No details,https://www.thumbtack.com/request/580706429263937540?service_id=579066971112030210&syndicated_category=122681972262289742,5,Regional (WA State)
Thumbtack,"Home Theater Specialist (Puyallup, WA 98372)","Home Theater Specialist, Wall mount, Drywall, TV larger than 60 inches, Yes, there’s an electrical outlet nearby, No, I don’t need to conceal cables and wires, Yes, I already have a mount or stand, Articulating (tilts up and down, moves side to side), Gaming console, None",https://www.thumbtack.com/request/580690665225986055?service_id=579066971112030210&syndicated_category=152409361638957433,5,Regional (WA State)
Thumbtack,"Home Theater Specialist (Olympia, WA 98506)","Home Theater Specialist, Wall mount above fireplace, Drywall, TV larger than 60 inches, Yes, there’s an electrical outlet nearby, No, I don’t need to conceal cables and wires, No, I’ll purchase the mount or stand, Tilt (angled up or down), None",https://www.thumbtack.com/request/580710217371246600?service_id=579066971112030210&syndicated_category=152409361638957433,5,Regional (WA State)
Thumbtack,"Home Theater Specialist (Gig Harbor, WA 98332)","Home Theater Specialist, Wall mount, Drywall, TV larger than 60 inches, Yes, there’s an electrical outlet nearby, No, I don’t need to conceal cables and wires, No, I’d like help in selecting a mount or stand, Articulating (tilts up and down, moves side to side), Cable or satellite box, DVD or Blu-ray player, Surround sound system",https://www.thumbtack.com/request/580695929069322247?service_id=579066971112030210&syndicated_category=152409361638957433,5,Regional (WA State)
Thumbtack,"Fan Installer (Bothell, WA 98012)","Fan Installer, Yes, the location has an existing fan, Ceiling, Under 8 feet (low ceiling)",https://www.thumbtack.com/request/580709593865912327?service_id=579066971112030210&syndicated_category=152409361638957433,5,Regional (WA State)
Thumbtack,"Drywall Professional (Snohomish, WA 98296)","Drywall Professional, Fill in dents or nail holes, Apply finishing, Patch damaged drywall, Whole house / building, Wall(s), Residential, Owner",https://www.thumbtack.com/request/580701892679434244?service_id=579066971112030210&syndicated_category=122681972262289742,5,Regional (WA State)
Thumbtack,"Plumber (Puyallup, WA 98371)","Plumber, No, repair is not urgent, No, the building is not currently flooded, Leaking pipes, Other, External Faucet leaking, House",https://www.thumbtack.com/request/580685698224889864?service_id=579066971112030210&syndicated_category=242201292996895171,5,Regional (WA State)
Freelancer,Browser Automation Reliability Upgrade,"Our booking bot works, but not often enough. Failed submissions, rate-limit timeouts, and disappeari",https://www.freelancer.com/projects/redis/Browser-Automation-Reliability-Upgrade,6,Remote/Global
Freelancer,Sviluppo Script Python per Estrazione Dati Corse,"Capisco, ecco di nuovo il riepilogo completo del tuo progetto:  ---  Titolo: Python Developer Needed",https://www.freelancer.com/projects/data-extraction/Sviluppo-Script-Python-per-Estrazione,6,Remote/Global
Freelancer,Weekly PDF Data Entry Support,"Each week I receive a batch of digital PDFs that need to be translated into clean, well-structured s",https://www.freelancer.com/projects/google-sheets/Weekly-PDF-Data-Entry-Support,6,Remote/Global
Freelancer,Python Bot: Dynamic API Scraper ,"I need a seasoned Python engineer who can tear down a dynamic website’s API, understand its WebSocke",https://www.freelancer.com/projects/api/Python-Bot-Dynamic-API-Scraper,6,Remote/Global
Freelancer,Scalable Cloud-based Scraper & Dashboard Developer,I’m currently looking for a developer experienced in large-scale automation and scraping systems.  I,https://www.freelancer.com/projects/cloud-computing/Scalable-Cloud-based-Scraper-Dashboard,6,Remote/Global
Freelancer,Manual English Data Entry Project,"I have several online databases that contain English-language text which must be transferred, word-f",https://www.freelancer.com/projects/copy-typing/Manual-English-Data-Entry-Project,6,Remote/Global
Freelancer,"WAF Migration Specialist: Imperva → Cloudflare (5-Site Portfolio, High Bot Traffic)",We operate a portfolio of five high-traffic real estate websites and need to evaluate and execute a ,https://www.freelancer.com/projects/apache/WAF-Migration-Specialist-Imperva,6,Remote/Global
Freelancer,Accurate PDF Data Entry,"I have a collection of PDF files that need to be keyed into a clean, structured format. Because the ",https://www.freelancer.com/projects/data-processing/Accurate-PDF-Data-Entry-40469617,6,Remote/Global
Freelancer,Comprehensive Business Directory Scraping,I'm looking for an experienced web scraper to extract detailed data for a business directory. The sc,https://www.freelancer.com/projects/beautifulsoup/Comprehensive-Business-Directory-40468852,6,Remote/Global
Freelancer,Business Website Lead Scraper,I’m building a fresh prospect list and need someone who can automatically pull contact information f,https://www.freelancer.com/projects/beautifulsoup/Business-Website-Lead-Scraper,6,Remote/Global
Freelancer,"Build an AI assisted editorial content workflow for a financial media publication (WordPress, n8n or Make)",About the project We are launching a premium digital publication covering alternative investments fo,https://www.freelancer.com/projects/n8n/Build-assisted-editorial-content,6,Remote/Global
Freelancer,Accurate PDF Data Entry,"I have a collection of PDF files that need to be keyed into a clean, structured format. Because the ",https://www.freelancer.com/projects/data-processing/Accurate-PDF-Data-Entry-40473226,6,Remote/Global
Freelancer,B2B Lead Generation (Morocco Only): Verified Corporate Database & Active Decision-Maker Contacts,"We are looking for an experienced and meticulous B2B Lead Generator to source and build a fresh, hig",https://www.freelancer.com/projects/leads/Lead-Generation-Morocco-Only-Verified,6,Remote/Global
Freelancer,Lead Generation Specialist Required - Manual Research Only,Freelance Lead Generation Specialist (Small Trial Project – Long-Term Opportunity)  **Important Note,https://www.freelancer.com/projects/data-entry/Lead-Generation-Specialist-Required-40467698,6,Remote/Global
Freelancer,Scalable Real Estate Data Extractor,"I need a robust Python-based tool that accepts a street address or parcel number, crawls the web for",https://www.freelancer.com/projects/api-integration/Scalable-Real-Estate-Data-Extractor,6,Remote/Global
