buyer_request,preview,contract_link
How do you scale the scrapers?,"I was able to scrape websites that use Akamai using Selenium + Undetected Chromedriver. But, of cour",https://www.reddit.com/r/webscraping/comments/1to7daq/how_do_you_scale_the_scrapers/
"Weekly Webscrapers - Hiring, FAQs, etc",**Welcome to the weekly discussion thread!**  This is a space for web scrapers of all skill levels—w,https://www.reddit.com/r/webscraping/comments/1to68q7/weekly_webscrapers_hiring_faqs_etc/
Newbie questions when starting a new scraping project,I'm a web developer and just recently i got interested in web scraping. Here are some questions I ha,https://www.reddit.com/r/webscraping/comments/1tmffgb/newbie_questions_when_starting_a_new_scraping/
"I built klura, a toolkit for an AI agent to reverse-engineer websites","Hi r/webscraping,  I've been working on [**klura**](https://github.com/klura-ai/klura) — a free tool",https://www.reddit.com/r/webscraping/comments/1tibgp5/i_built_klura_a_toolkit_for_an_ai_agent_to/
"Weekly Webscrapers - Hiring, FAQs, etc",**Welcome to the weekly discussion thread!**  This is a space for web scrapers of all skill levels—w,https://www.reddit.com/r/webscraping/comments/1thm9xl/weekly_webscrapers_hiring_faqs_etc/
Hiring a Web-Scraper,"Hey guys,  Looking to hire someone who is a pro at dealing with anti-bot systems, specifically Akama",https://www.reddit.com/r/webscraping/comments/1tg3a8y/hiring_a_webscraper/
Product data scraping advice,I’m working on an early e-commerce/product data project and trying to better understand how to extra,https://www.reddit.com/r/webscraping/comments/1tcxkvo/product_data_scraping_advice/
How to bypass AWS captcha?,"I tried some paid APIs to solve but not working,   https://preview.redd.it/kzo9atpjzy0h1.png?width=3",https://www.reddit.com/r/webscraping/comments/1tccxje/how_to_bypass_aws_captcha/
"Weekly Webscrapers - Hiring, FAQs, etc",**Welcome to the weekly discussion thread!**  This is a space for web scrapers of all skill levels—w,https://www.reddit.com/r/webscraping/comments/1tb0xrq/weekly_webscrapers_hiring_faqs_etc/
Monitor specific value ona webpage and get notified.,How do you currently monitor a specific value on a webpage and get notified when it changes?  I have,https://www.reddit.com/r/webscraping/comments/1tatl39/monitor_specific_value_ona_webpage_and_get/
cannot bypass cloudflare in baseball-reference,"Neither requests nor playwright bypass cloudflare. I have used user-agents, stealth and permanent-co",https://www.reddit.com/r/webscraping/comments/1taiatx/cannot_bypass_cloudflare_in_baseballreference/
Anyone found a solid api for scraping google maps data at scale?,Been working on a local business directory project and maps data is basically the holy grail but als,https://www.reddit.com/r/webscraping/comments/1t8oukg/anyone_found_a_solid_api_for_scraping_google_maps/
What are the Vercel limits ?,"Hi, I'm sending 3 request per 2 minutes .. and still I'm blocked after couple hours.   What are the ",https://www.reddit.com/r/webscraping/comments/1t8nc5e/what_are_the_vercel_limits/
ESPN being difficult,Is anybody else having trouble with ESPN all of a sudden today?   I am getting lots of http 202 resp,https://www.reddit.com/r/webscraping/comments/1t7xlvu/espn_being_difficult/
Cloudflare detection bypass,I'm trying to bypass Cloudflare Bot Protection when scraping sites via Python   Tried methods such a,https://www.reddit.com/r/webscraping/comments/1t6g5b4/cloudflare_detection_bypass/
"Weekly Webscrapers - Hiring, FAQs, etc",**Welcome to the weekly discussion thread!**  This is a space for web scrapers of all skill levels—w,https://www.reddit.com/r/webscraping/comments/1t4es34/weekly_webscrapers_hiring_faqs_etc/
Has anyone tried scraping Keeta?,I was wonder what other people (who reached out to [OP](https://www.reddit.com/user/dedazzy/) for th,https://www.reddit.com/r/webscraping/comments/1t4b77l/has_anyone_tried_scraping_keeta/
Tiny CLI tool to scope website protections before building scrapers,"Hello,  While building scrapers for [job ops](https://github.com/dakheera47/job-ops/), I realised th",https://www.reddit.com/r/webscraping/comments/1t2jxru/tiny_cli_tool_to_scope_website_protections_before/
scraping blocked by incapsula help... anyone figured out!,hey everyone!    so ive been building a price monitoring tool for e-commerce brands (small side proj,https://www.reddit.com/r/webscraping/comments/1t26196/scraping_blocked_by_incapsula_help_anyone_figured/
How to bypass YouTube's firewall blocking my Supabase IP.,I’m building a browser-side video clipper (using ffmpeg.wasm) and running into a wall.  The goal is ,https://www.reddit.com/r/webscraping/comments/1t0pvbw/how_to_bypass_youtubes_firewall_blocking_my/
Flight APIs vs scraping — what actually works in real projects?,"Working on a system that collects and normalizes flight pricing data at scale, and running into real",https://www.reddit.com/r/webscraping/comments/1szuosd/flight_apis_vs_scraping_what_actually_works_in/
Need Scrapped Data for FYP,Hey!   I hope you are all doing well. Actually i am working on my final year project where i need a ,https://www.reddit.com/r/webscraping/comments/1sz12q4/need_scrapped_data_for_fyp/
"Weekly Webscrapers - Hiring, FAQs, etc",**Welcome to the weekly discussion thread!**  This is a space for web scrapers of all skill levels—w,https://www.reddit.com/r/webscraping/comments/1sy0r80/weekly_webscrapers_hiring_faqs_etc/
[Hiring – $1000 budget] Mobile app scraper needed for Keeta |,Looking for someone with mobile app scraping experience to extract structured data from Keeta (https,https://www.reddit.com/r/webscraping/comments/1sxdi8e/hiring_1000_budget_mobile_app_scraper_needed_for/
I Got Laid Off. Should I Build a Job Web Scraper?,I’ll preface this by saying that I haven’t built a web scraper before. Please feel free to warn me t,https://www.reddit.com/r/webscraping/comments/1sx9wps/i_got_laid_off_should_i_build_a_job_web_scraper/
