platform,buyer_request,description_preview,contract_link
Freelancer,Accurate PDF Data Entry,"I have a collection of PDF files that need to be keyed into a clean, structured format. Because the ",https://www.freelancer.com/projects/data-processing/Accurate-PDF-Data-Entry-40473226
Freelancer,Accurate PDF Data Entry,"I have a collection of PDF files that need to be keyed into a clean, structured format. Because the ",https://www.freelancer.com/projects/data-processing/Accurate-PDF-Data-Entry-40469617
Freelancer,B2B Lead Generation (Morocco Only): Verified Corporate Database & Active Decision-Maker Contacts,"We are looking for an experienced and meticulous B2B Lead Generator to source and build a fresh, hig",https://www.freelancer.com/projects/leads/Lead-Generation-Morocco-Only-Verified
Freelancer,Browser Automation Reliability Upgrade,"Our booking bot works, but not often enough. Failed submissions, rate-limit timeouts, and disappeari",https://www.freelancer.com/projects/redis/Browser-Automation-Reliability-Upgrade
Freelancer,"Build an AI assisted editorial content workflow for a financial media publication (WordPress, n8n or Make)",About the project We are launching a premium digital publication covering alternative investments fo,https://www.freelancer.com/projects/n8n/Build-assisted-editorial-content
Freelancer,Business Website Lead Scraper,I’m building a fresh prospect list and need someone who can automatically pull contact information f,https://www.freelancer.com/projects/beautifulsoup/Business-Website-Lead-Scraper
Freelancer,Comprehensive Business Directory Scraping,I'm looking for an experienced web scraper to extract detailed data for a business directory. The sc,https://www.freelancer.com/projects/beautifulsoup/Comprehensive-Business-Directory-40468852
Freelancer,Lead Generation Specialist Required - Manual Research Only,Freelance Lead Generation Specialist (Small Trial Project – Long-Term Opportunity)  **Important Note,https://www.freelancer.com/projects/data-entry/Lead-Generation-Specialist-Required-40467698
Freelancer,Manual English Data Entry Project,"I have several online databases that contain English-language text which must be transferred, word-f",https://www.freelancer.com/projects/copy-typing/Manual-English-Data-Entry-Project
Freelancer,Python Bot: Dynamic API Scraper ,"I need a seasoned Python engineer who can tear down a dynamic website’s API, understand its WebSocke",https://www.freelancer.com/projects/api/Python-Bot-Dynamic-API-Scraper
Freelancer,Scalable Cloud-based Scraper & Dashboard Developer,I’m currently looking for a developer experienced in large-scale automation and scraping systems.  I,https://www.freelancer.com/projects/cloud-computing/Scalable-Cloud-based-Scraper-Dashboard
Freelancer,Scalable Real Estate Data Extractor,"I need a robust Python-based tool that accepts a street address or parcel number, crawls the web for",https://www.freelancer.com/projects/api-integration/Scalable-Real-Estate-Data-Extractor
Freelancer,Sviluppo Script Python per Estrazione Dati Corse,"Capisco, ecco di nuovo il riepilogo completo del tuo progetto:  ---  Titolo: Python Developer Needed",https://www.freelancer.com/projects/data-extraction/Sviluppo-Script-Python-per-Estrazione
Freelancer,"WAF Migration Specialist: Imperva → Cloudflare (5-Site Portfolio, High Bot Traffic)",We operate a portfolio of five high-traffic real estate websites and need to evaluate and execute a ,https://www.freelancer.com/projects/apache/WAF-Migration-Specialist-Imperva
Freelancer,Weekly PDF Data Entry Support,"Each week I receive a batch of digital PDFs that need to be translated into clean, well-structured s",https://www.freelancer.com/projects/google-sheets/Weekly-PDF-Data-Entry-Support
Kaggle,Dataset needLakshmi narayanan aiml·Lastcomment3y agoby Lakshmi narayanan aiml,,https://www.kaggle.com/discussions/general/454120
Kaggle,"I Became a Dataset Expert !! 🎉📊 , Need advice to become Dataset Master.Laksika Tharmalingam·Lastcomment3y agoby Muhammad Bilal Hussain",,https://www.kaggle.com/discussions/general/416114
Kaggle,I need a dataset for predictive or preventive maintenance.MohammadAli·Lastcomment5y agoby murali yellapu,,https://www.kaggle.com/discussions/general/99209
Kaggle,I need a datasetNihal Hossny·Lastcomment7y agoby People Data Labs,,https://www.kaggle.com/discussions/general/87628
Kaggle,I need dataset of wireless capsule endoscopy imagesvrushali_ss·Lastcomment5y agoby Debesh Jha,,https://www.kaggle.com/discussions/general/89356
Kaggle,List of Datasets you need to practice data science skills and make your portfolio strongYash Patel·Lastcomment5mo agoby Pavel Azangue,,https://www.kaggle.com/discussions/general/268890
Kaggle,Need Back Order Prediction DatasetAnshulBhandari·Lastcomment6y agoby shubham,,https://www.kaggle.com/discussions/general/56389
Kaggle,Need Dataset for Creating Business planRajkumar Fr·Lastcomment3y agoby Erez Lankri,,https://www.kaggle.com/discussions/general/374528
Kaggle,Need Dataset for Vehicle tracking/detectionLalitha Rajesh·Lastcomment10mo agoby RAGHAV DHARWAL,,https://www.kaggle.com/discussions/general/51220
Kaggle,Need Dataset for identifying Indian vehicle number using number platesThamizhSelvan·Lastcomment5y agoby Gayatri Hajare,,https://www.kaggle.com/discussions/general/64840
Kaggle,Need Dataset for identifying Pakistan vehicle number using number platesUsman Afzal·Lastcomment5y agoby Usman Afzal,,https://www.kaggle.com/discussions/general/121470
Kaggle,Need DatasetLakshay Jain·Lastcomment2y agoby Vinay Khanduri,,https://www.kaggle.com/discussions/general/466605
Kaggle,Need Datasets For Student Dropout Predictionadatta·Lastcomment4y agoby bererei,,https://www.kaggle.com/discussions/general/74987
Kaggle,Need a DatasetMuhammad Farhan·Posted5y ago,,https://www.kaggle.com/discussions/general/230041
Kaggle,Need a very basic dataset for practicing simple linear regression model!Chiranjeev Marwaha·Lastcomment3y agoby Chiranjeev Marwaha,,https://www.kaggle.com/discussions/general/415642
Kaggle,Need cellular manufacturing datasetBhimashankar Dukare·Posted8y ago,,https://www.kaggle.com/discussions/general/57121
Kaggle,Need help structuring a Kaggle datasetTony Robinson·Lastcomment2y agoby vangap,,https://www.kaggle.com/discussions/general/200885
Kaggle,Need sample SQL datasetSanthosh Ashokkumar·Lastcomment1y agoby anik _ML,,https://www.kaggle.com/discussions/general/37755
Kaggle,in need of dataset for school projectlamin jawneh·Lastcomment7y agoby Tensor Girl,,https://www.kaggle.com/discussions/general/112573
Kaggle,need dataset on simple linear regressionMaha·Lastcomment7y agoby Maha,,https://www.kaggle.com/discussions/general/88125
Reddit (ForHire),"[HIRING] $200/hr — NYC Architect paid consulting, remote",Independent founder building an early-stage NYC real estate / built environment tool focused on exis,https://www.reddit.com/r/forhire/comments/1tomzif/hiring_200hr_nyc_architect_paid_consulting_remote/
Reddit (ForHire),"[HIRING] $200/hr — NYC Real Estate Acquisitions paid consulting, remote",Independent founder building an early-stage NYC real estate intelligence tool. Hiring paid consultan,https://www.reddit.com/r/forhire/comments/1ton2zl/hiring_200hr_nyc_real_estate_acquisitions_paid/
Reddit (ForHire),"[HIRING] $200/hr — NYC Real Estate Asset / Property Managers paid consulting, remote",Independent founder building an early-stage NYC real estate intelligence tool. Hiring paid consultan,https://www.reddit.com/r/forhire/comments/1tomwxe/hiring_200hr_nyc_real_estate_asset_property/
Reddit (ForHire),"[HIRING] Landing page for a startup building products for neurodivergent people (multilingual, dark/light mode, accessible, SEO + GEO) Budget up to €1,000","Hi 👋  I'm with MindyCore, a company that builds products for neurodivergent people. We have two line",https://www.reddit.com/r/forhire/comments/1tor0zh/hiring_landing_page_for_a_startup_building/
Reddit (ForHire),[Hiring] Remote Growth Hacker &amp; Web Ops Engineer (No-Code/Low-Code + Python Scrapers + Prompt Automation) | 30k-35k INR Base + High Performance Payouts,"We are **Stuva Ventures**, an agile, multi-vertical venture studio building modern growth engines ou",https://www.reddit.com/r/forhire/comments/1tp3p6p/hiring_remote_growth_hacker_web_ops_engineer/
